Workbook

Sheet 表紙
I9: 詳細設計書
AF37: 管理番号
AF39: システムID
AF41: システム名称
AF43: 論理名称
AF45: 物理名称
AF47: 改定日
AF49: 改訂者

Sheet 改訂履歴
A1: 詳細設計書 | Y1: 論理名称 | AC1: =IF(ISBLANK(表紙!AL43),"",(表紙!AL43)) | AM1: システムID | AQ1: =IF(ISBLANK(表紙!AL39),"",(表紙!AL39))
Y2: 物理名称 | AC2: =IF(ISBLANK(表紙!AL45),"",(表紙!AL45)) | AM2: システム名称 | AQ2: =IF(ISBLANK(表紙!AL41),"",(表紙!AL41))
A4: 項番 | C4: 改訂日 | G4: 改訂者 | K4: 対象 | U4: 改訂内容
A5: =ROW()-4
A6: =ROW()-4
A7: =ROW()-4
A8: =ROW()-4
A9: =ROW()-4
A10: =ROW()-4
A11: =ROW()-4
A12: =ROW()-4
A13: =ROW()-4
A14: =ROW()-4
A15: =ROW()-4
A16: =ROW()-4
... A52: =ROW()-4

Sheet 画面イメージ
A1: 詳細設計書 | K1: 論理名称 | O1: =IF(ISBLANK(表紙!AL43),"",(表紙!AL43)) | Y1: システムID | AC1: =IF(ISBLANK(表紙!AL39),"",(表紙!AL39)) | AM1: 改訂日 | AQ1: =IF(ISBLANK(表紙!AL47),"",(表紙!AL47))
K2: 物理名称 | O2: =IF(ISBLANK(表紙!AL45),"",(表紙!AL45)) | Y2: システム名称 | AC2: =IF(ISBLANK(表紙!AL41),"",(表紙!AL41)) | AM2: 改訂者 | AQ2: =IF(ISBLANK(表紙!AL49),"",(表紙!AL49))
A4: 画面イメージ

Sheet IO関連
A1: 詳細設計書 | K1: 論理名称 | O1: =IF(ISBLANK(表紙!AL43),"",(表紙!AL43)) | Y1: システムID | AC1: =IF(ISBLANK(表紙!AL39),"",(表紙!AL39)) | AM1: 改訂日 | AQ1: =IF(ISBLANK(表紙!AL47),"",(表紙!AL47))
K2: 物理名称 | O2: =IF(ISBLANK(表紙!AL45),"",(表紙!AL45)) | Y2: システム名称 | AC2: =IF(ISBLANK(表紙!AL41),"",(表紙!AL41)) | AM2: 改訂者 | AQ2: =IF(ISBLANK(表紙!AL49),"",(表紙!AL49))
A4: I/O関連図
A20: パラメータ一覧
A21: No | B21: 論理名称 | L21: 物理名称 | V21: I/O | X21: 備考
A22: =ROW()-21
A23: =ROW()-21
A24: =ROW()-21
A25: =ROW()-21
A26: =ROW()-21
A27: =ROW()-21
A28: =ROW()-21
A29: =ROW()-21
A30: =ROW()-21
A31: テーブル一覧
A32: No | B32: 論理名称 | L32: 物理名称 | V32: I/O | X32: 備考
A33: =ROW()-32
A34: =ROW()-32
A35: =ROW()-32
A36: =ROW()-32
A37: =ROW()-32
A38: =ROW()-32
A39: =ROW()-32
A40: =ROW()-32
A41: =ROW()-32
A42: ファイル一覧
A43: No | B43: 論理名称 | L43: 物理名称 | V43: I/O | X43: 備考
A44: =ROW()-43
A45: =ROW()-43
A46: =ROW()-43
A47: =ROW()-43
A48: =ROW()-43
A49: =ROW()-43
A50: =ROW()-43
A51: =ROW()-43
A52: =ROW()-43

Sheet 画面項目
A1: 詳細設計書 | N1: 論理名称 | R1: =IF(ISBLANK(表紙!AL43),"",(表紙!AL43)) | AB1: システムID | AF1: =IF(ISBLANK(表紙!AL39),"",(表紙!AL39)) | AP1: 改訂日 | AT1: =IF(ISBLANK(表紙!AL47),"",(表紙!AL47))
N2: 物理名称 | R2: =IF(ISBLANK(表紙!AL45),"",(表紙!AL45)) | AB2: システム名称 | AF2: =IF(ISBLANK(表紙!AL41),"",(表紙!AL41)) | AP2: 改訂者 | AT2: =IF(ISBLANK(表紙!AL49),"",(表紙!AL49))
A4: 画面項目
A5: No | B5: 項目名称 | L5: 分類 | Q5: 必須 | S5: 桁数 | U5: フォーマット | AB5: テーブル | AJ5: フィールド | AR5: 備考
A6: 1 | B6: 應用程式主畫面 | L6: 畫面 | Q6: Y | AR6: 整個應用程式的入口點與主要佈局。
A7: 2 | B7: 畫布繪圖上下文提供者 | L7: 基礎架構 | Q7: Y | AR7: 提供 React Flow 相關的上下文，使子元件可以存取繪圖狀態與操作。
A8: 3 | B8: 畫布繪圖主區域 | L8: UI 元件 | Q8: Y | AR8: 負責渲染所有節點和連線的核心繪圖區域。
A9: 4 | B9: 畫布主體區域 | L9: UI 元件 | Q9: Y | AR9: 包含 React Flow 畫布及其相關控制項的容器。
A10: 5 | B10: 畫布背景 | L10: UI 元件 | Q10: N | AR10: 繪圖畫布的背景視覺元素，可顯示網格或點陣。
A11: 6 | B11: 畫布操作工具列（放大/縮小/重設） | L11: UI 元件 | Q11: N | AR11: 提供使用者操作畫布視圖的工具，如縮放、平移和重設視圖。
A12: 7 | B12: 畫布縮圖導覽 | L12: UI 元件 | Q12: N | AR12: 顯示整個畫布的縮略圖，方便使用者快速導覽。
A13: 8 | B13: 節點連接點 | L13: UI 元件 | Q13: N | AR13: 節點上用於建立連線的視覺化錨點。
A14: 9 | B14: 繪圖畫布節點狀態管理 | L14: 狀態管理 | Q14: Y | AR14: 負責儲存與更新畫面上所有節點的位置、屬性與渲染狀態。
A15: 10 | B15: 繪圖畫布連線狀態管理 | L15: 狀態管理 | Q15: Y | AR15: 負責儲存與更新畫面上所有連線的屬性與渲染狀態。
A16: 11 | B16: 畫布連線新增功能 | L16: 功能 | Q16: Y | AR16: 處理使用者在畫布上建立新連線的邏輯。
A17: 12 | B17: 畫布繪圖實例管理 | L17: 狀態管理 | Q17: Y | AR17: 提供對 React Flow 實例的存取，以便進行程式化操作。
... A19: 14 | B19: LLM 模型節點 | L19: UI 元件 | Q19: Y | AR19: 自定義的節點元件，用於表示一個 LLM 模型及其相關配置。
A20: 15 | B20: 模型名稱選擇下拉選單 | L20: UI 表單 | Q20: Y | S20: Max 50 | U20: 文字 | AR20: 允許使用者從預設列表中選擇 LLM 模型名稱。
A21: 16 | B21: 提示詞 (Prompt) 輸入框 | L21: UI 表單 | Q21: Y | S21: Max 2000 | U21: 多行文字 | AR21: 供使用者輸入 LLM 模型的提示詞內容。
A22: 17 | B22: 元件內部狀態管理 | L22: 狀態管理 | Q22: Y | AR22: 使用 React `useState` Hook 管理元件的局部狀態。
A23: 18 | B23: 效能優化回呼函數 | L23: 效能優化 | Q23: N | AR23: 使用 React `useCallback` Hook 記憶化回呼函數，避免不必要的重新渲染。
A24: 19 | B24: DOM 元素引用管理 | L24: 基礎架構 | Q24: N | AR24: 使用 React `useRef` Hook 存取或管理 DOM 元素。
A25: 20 | B25: API 請求處理 | L25: 服務整合 | Q25: Y | AR25: 負責向後端服務發送 HTTP 請求並處理回應。
A26: =ROW()-5
A27: =ROW()-5
A28: =ROW()-5
A29: =ROW()-5
A30: =ROW()-5
A31: =ROW()-5
A32: =ROW()-5
A33: =ROW()-5
A34: =ROW()-5
A35: =ROW()-5
A36: =ROW()-5
A37: =ROW()-5
... A54: =ROW()-5

Sheet イベント処理
A1: 詳細設計書 | K1: 論理名称 | O1: =IF(ISBLANK(表紙!AL43),"",(表紙!AL43)) | Y1: システムID | AC1: =IF(ISBLANK(表紙!AL39),"",(表紙!AL39)) | AM1: 改訂日 | AQ1: =IF(ISBLANK(表紙!AL47),"",(表紙!AL47))
K2: 物理名称 | O2: =IF(ISBLANK(表紙!AL45),"",(表紙!AL45)) | Y2: システム名称 | AC2: =IF(ISBLANK(表紙!AL41),"",(表紙!AL41)) | AM2: 改訂者 | AQ2: =IF(ISBLANK(表紙!AL49),"",(表紙!AL49))
A4: 初期表示処理
A8: ○○ボタン[クリック]処理
A12: ○○ボタン[クリック]処理

Sheet DB処理
A1: 詳細設計書 | K1: 論理名称 | O1: =IF(ISBLANK(表紙!AL43),"",(表紙!AL43)) | Y1: システムID | AC1: =IF(ISBLANK(表紙!AL39),"",(表紙!AL39)) | AM1: 改訂日 | AQ1: =IF(ISBLANK(表紙!AL47),"",(表紙!AL47))
K2: 物理名称 | O2: =IF(ISBLANK(表紙!AL45),"",(表紙!AL45)) | Y2: システム名称 | AC2: =IF(ISBLANK(表紙!AL41),"",(表紙!AL41)) | AM2: 改訂者 | AQ2: =IF(ISBLANK(表紙!AL49),"",(表紙!AL49))
A4: ○○データ抽出処理
A5: 抽出項目
A16: 抽出対象
A27: 抽出条件
